unique_id,name,ssn,role,address,zip_code,city,country,home_phone,mobile_phone,email,password,state
1,Jacinda,365565-6681,AIRPORT,239 Warrior Avenue,509,Nanhe,China,525-8593,269-5263,jlarkcum0@trellian.com,UqUVBuY,ACTIVE
2,Nicolais,979503-9668,OFFICE,6232 Dunning Lane,018,Sacramento,United States,184-5841,968-6520,nwimpeney1@icq.com,5RPF9w,ACTIVE
3,Garnette,701377-5671,ADMIN,7257 Gateway Park,723,Jermuk,Armenia,238-9834,756-1639,gorriss2@sourceforge.net,BCZtaaQfA,ACTIVE
4,Brianna,487066-3794,AIRPORT,93 Butternut Hill,963,Sirindhorn,Thailand,525-6642,150-3298,byakuntsov3@yellowbook.com,u1Mw0P9DNO,ACTIVE
5,Honey,877315-0458,OFFICE,39 Kinsman Pass,493,Yuanyang Zhen,China,995-0275,977-6976,hdearnly4@shareasale.com,W9kVScNmFP,ACTIVE
6,Dorey,118353-4108,AIRPORT,37 Artisan Pass,850,Visim,Russia,385-1979,395-1570,daldam5@odnoklassniki.ru,TaGgOa,ACTIVE
7,Tait,506656-1185,OFFICE,6396 School Alley,017,Paris 13,France,216-7953,230-5848,tboullen6@stanford.edu,pZRGvKG,ACTIVE
8,Zsazsa,313378-9240,AIRPORT,84 Prairie Rose Way,380,Banatsko Veliko Selo,Serbia,412-7152,295-9654,zeckford7@ox.ac.uk,WjuCpyfS,ACTIVE
9,Lucinda,612064-4107,OFFICE,6 Boyd Place,153,Kunvald,Czech Republic,497-3606,139-4633,lsommers8@amazon.com,cARkXew,ACTIVE
10,Harmonie,605213-2453,ADMIN,51 Calypso Pass,361,Varberg,Sweden,499-7443,450-6575,hpayley9@harvard.edu,dajoYWxca0y,ACTIVE
11,Eloise,909206-2850,OFFICE,1 Rutledge Circle,111,Rajhrad,Czech Republic,872-6271,237-5056,ebaniarda@goo.ne.jp,fdHsr60xHB22,ACTIVE
12,Baudoin,249953-6209,AIRPORT,0 Gateway Terrace,598,Huji,China,910-6538,820-2525,btiltmanb@loc.gov,A2WlFJFGQql,ACTIVE
13,Vilma,120196-2101,AIRPORT,10 Di Loreto Drive,524,Atok,Philippines,132-6658,003-0760,vdennidgec@vistaprint.com,6dEnebJGPs,ACTIVE
14,Erasmus,798866-3660,ADMIN,61 Dryden Way,143,Cergy-Pontoise,France,583-3071,012-6998,eberninid@t.co,v6uZZ0k,ACTIVE
15,Julita,194834-0342,ADMIN,79817 Prairieview Drive,982,Krasnokuts’k,Ukraine,726-0961,311-8163,jderyebarrette@tuttocitta.it,YogN2H3iF,ACTIVE
16,Freddie,619394-6000,AIRPORT,848 Hansons Road,824,Sonsorol Village,Palau,366-2683,768-8277,fflewf@ebay.co.uk,e8o1WiJ,ACTIVE
17,Blair,802465-3213,ADMIN,05 Oriole Crossing,101,Annonay,France,464-5303,870-1936,bgasquoineg@parallels.com,KgtBBPV,ACTIVE
18,Humfrey,498460-2797,OFFICE,332 Morrow Hill,410,Poříčany,Czech Republic,800-3537,407-5511,hbrundaleh@apple.com,Nw6ZcULpOk5u,ACTIVE
19,Catherina,774035-6229,ADMIN,35 Surrey Parkway,444,Hongcao,China,829-7862,067-1322,ccunioi@umich.edu,GTqqcArWJ,ACTIVE
